City,Sum_Sales,Sum_Quantity,Sum_Discount,Sum_Profit,Mode_Category,Mode_Sub-Category,Mode_Product Name,Mode_Customer Name,Population
North Las Vegas,9801.002,58,0.6,2247.6899,Office Supplies,Furnishings,Apple iPhone 5S,Kunst Miller,226877
Clovis,222.84,20,0.4,23.2704,Office Supplies,Accessories,Kingston Digital DataTraveler 64GB USB 2.0,Tony Sayre,39508
Cuyahoga Falls,29.094,13,1.6,-12.5752,Office Supplies,Binders,"Avery Triangle Shaped Sheet Lifters, Black, 2/Pack",Claudia Bergmann,49267
Rogers,40.41,9,0,18.5886,Office Supplies,Binders,Avery Non-Stick Binders,Guy Armstrong,60112
Boynton Beach,469.585,28,2.5,50.6615,Office Supplies,Furnishings,24-Hour Round Wall Clock,Patrick Gardner,71097
Fresno,7888.5285,106,2.7,948.2681,Office Supplies,Binders,SpineVue Locking Slant-D Ring Binders by Cardinal,Christina VanderZanden,509924
Renton,1242.632,14,0.4,185.4324,Office Supplies,Binders,"3D Systems Cube Printer, 2nd Generation, White",Chloris Kastensmidt,97003
Lake Elsinore,283.92,5,0.2,17.745,Furniture,Chairs,"Situations Contoured Folding Chairs, 4/Set",Carlos Daly,57525
Pearland,494.996,13,1.2,39.4131,Office Supplies,Binders,Insertable Tab Post Binder Dividers,Sally Hughsby,100065
West Allis,250.48,5,0,28.3708,Furniture,Binders,Avery Round Ring Poly Binders,Theresa Swint,60697
Hialeah,2338.949,76,5.2,-179.2275,Office Supplies,Appliances,Acme Softgrip Scissors,Sample Company A,233394
Cincinnati,1611.976,58,5.6,175.3371,Office Supplies,Binders,Acco 3-Hole Punch,Allen Goldenen,297517
Long Beach,13455.03,256,3.5,2108.9306,Office Supplies,Paper,Acme Office Executive Series Stainless Steel Trimmers,Dan Lawera,469428
Lafayette,50072.4,208,0,20036.7752,Office Supplies,Paper,Acco Perma 4000 Stacking Storage Drawers,Tamara Chand,124276
Green Bay,527.32,14,0,228.4764,Furniture,Furnishings,"Adams Telephone Message Book W/Dividers/Space For Phone Numbers, 5 1/4""X8 1/2"", 200/Messages",Barry Französisch,104779
Ann Arbor,889.273,23,0.1,228.9158,Office Supplies,Accessories,Belkin 6 Outlet Metallic Surge Strip,Brian Moss,117025
Burbank,3247.158,13,0.2,764.5338,Furniture,Furnishings,Eldon Cleatmat Chair Mats for Medium Pile Carpets,Sample Company A,104709
Harrisonburg,4388.71,25,0,889.5239,Furniture,Tables,12-1/2 Diameter Round Wall Clock,Penelope Sewall,51395
Pensacola,2.214,3,0.7,-1.476,Office Supplies,Binders,"Avery Triangle Shaped Sheet Lifters, Black, 2/Pack",Pierre Wener,52703
Tallahassee,7250.669,89,4.7,392.7116,Office Supplies,Paper,"Ampad Evidence Wirebond Steno Books, 6"" x 9""","Patrick O'Brill",186411
Eagan,214.28,22,0,87.0338,Office Supplies,Labels,Avery 480,Daniel Lacy,65453
Provo,2761.234,38,0.6,388.5674,Office Supplies,Binders,"Acco Pressboard Covers with Storage Hooks, 14 7/8"" x 11"", Light Blue",Alan Schoenberger,116288
Yonkers,7657.666,57,1,2767.7557,Office Supplies,Binders,Acme Forged Steel Scissors with Black Enamel Handles,Aimee Bixby,199766
Orem,2994.088,32,0.2,514.6335,Office Supplies,Art,Aluminum Document Frame,Tamara Manning,91648
Roseville,7177.252,192,0.8,2506.7742,Office Supplies,Paper,"#10- 4 1/8"" x 9 1/2"" Recycled Envelopes",Lena Creighton,127035
Des Moines,5463.278,60,0.6,1610.7443,Office Supplies,Binders,AT&T 841000 Phone,Benjamin Venier,207510
Deltona,893.24,19,1.5,122.1344,Office Supplies,Phones,Avery Durable Binders,Laurel Workman,86290
Everett,11331.468,168,1,2722.9574,Office Supplies,Paper,"Atlantic Metals Mobile 3-Shelf Bookcases, Custom Colors",Matt Abelman,105370
Rock Hill,11.85,3,0,3.792,Office Supplies,Fasteners,Advantus Map Pennant Flags and Round Head Tacks,Arthur Prichep,69103
Peoria,3685.664,160,17.8,-255.7326,Office Supplies,Binders,3M Hangers With Command Adhesive,Becky Castell,116513
Thousand Oaks,238.804,20,0.2,99.914,Office Supplies,Art,"Avery 4027 File Folder Labels for Dot Matrix Printers, 5000 Labels per Box, White",Dionis Lloyd,128731
Evanston,1753.799,11,0.9,411.8838,Technology,Accessories,Belkin iPhone and iPad Lightning Cable,Sarah Brown,75570
Westminster,7653.292,100,2.8,1527.3772,Office Supplies,Binders,3.6 Cubic Foot Counter Height Office Refrigerator,Jeremy Lonsdale,110945
Covington,413.68,20,0,115.1094,Office Supplies,Accessories,Belkin 7 Outlet SurgeMaster II,Steve Nguyen,40956
Indianapolis,9306.42,95,0,2741.6538,Office Supplies,Binders,Logitech MX Performance Wireless Mouse,Helen Wasserman,843393
Raleigh,4507.54,77,5.9,472.594,Office Supplies,Phones,24-Hour Round Wall Clock,Frank Atkinson,431746
Port Arthur,737.0528,12,1.32,105.776,Office Supplies,Paper,"It's Hot Message Books with Stickers, 2 3/4"" x 5""",Carol Adams,54135
Belleville,1891.6,32,0,283.6492,Office Supplies,Paper,Avery 508,Jonathan Doherty,42895
Albuquerque,2220.16,65,0.8,634.0881,Office Supplies,Paper,AT&T TR1909W,Benjamin Farhat,556495
Lakeville,4260.95,84,0,1346.6021,Office Supplies,Paper,Acme Forged Steel Scissors with Black Enamel Handles,Bradley Nguyen,58562
Loveland,20.964,8,1.3,4.4778,Office Supplies,Binders,Avery Reinforcements for Hole-Punch Pages,Harry Marie,71334
Elmhurst,891.628,14,0.9,-212.1321,Office Supplies,Paper,"Adams Telephone Message Books, 5 1/4” x 11”",Clay Rozendal,45556
Denver,12198.793,164,12.1,-244.92,Office Supplies,Phones,Hon GuestStacker Chair,Bill Stewart,649495
Lake Charles,547.41,16,0,241.2558,Office Supplies,Binders,Avery Non-Stick Heavy Duty View Round Locking Ring Binders,Harry Greene,74024
Orange,211.11,17,0,66.5698,Office Supplies,Binders,Acme Forged Steel Scissors with Black Enamel Handles,Shirley Daniels,139969
Torrance,3132.268,16,0.6,545.151,Office Supplies,Appliances,"Acco Pressboard Covers with Storage Hooks, 14 7/8"" x 11"", Dark Blue",Fred Chung,147478
Conroe,111.672,9,0.2,6.9795,Office Supplies,Storage,"Tenex Personal Filing Tote With Secure Closure Lid, Black/Frost",Cindy Schnelling,63032
Tyler,347.206,16,3.2,-443.7086,Office Supplies,Binders,GBC ProClick Punch Binding System,Carol Darley,100223
Oak Park,591.052,12,0.2,152.0428,Furniture,Furnishings,"3M Polarizing Task Lamp with Clamp Arm, Light Gray",Nicole Hansen,52066
Manteca,452.182,8,0.2,172.2358,Office Supplies,Chairs,"#10- 4 1/8"" x 9 1/2"" Security-Tint Envelopes",Tanja Norvell,71948
Riverside,1944.246,40,0.6,374.7296,Office Supplies,Paper,12 Colored Short Pencils,Jonathan Doherty,316619
San Mateo,75.18,6,0,35.3346,Office Supplies,Labels,Avery 485,Vivek Gonzalez,101128
Pine Bluff,212.91,7,0,70.2048,Office Supplies,Accessories,Microsoft Wireless Mobile Mouse 4000,"Doug O'Connell",46094
Arlington,20214.532,259,10.7,4169.6969,Office Supplies,Binders,Cisco SPA301,Barry Französisch,379577
Macon,364.01,24,0,144.8535,Office Supplies,Accessories,Avery Poly Binder Pockets,John Castell,89981
Anaheim,7986.87,112,2.2,1234.0036,Office Supplies,Binders,"Acco Data Flex Cable Posts For Top & Bottom Load Binders, 6"" Capacity",William Brown,345012
Greensboro,2406.78,50,4.8,-122.9534,Office Supplies,Binders,"C-Line Peel & Stick Add-On Filing Pockets, 8-3/4 x 5-1/8, 10/Pack",Bart Watters,279639
Apopka,904.554,31,2.9,54.3634,Office Supplies,Binders,"#10- 4 1/8"" x 9 1/2"" Recycled Envelopes",Chloris Kastensmidt,45587
Arlington Heights,14.112,6,0.2,1.2348,Office Supplies,Art,Newell 332,Sung Chung,75994
Carlsbad,419.34,35,0.8,157.7661,Office Supplies,Binders,Acme Elite Stainless Steel Scissors,Jim Mitchum,110972
Smyrna,6477.778,172,4.8,1653.4072,Office Supplies,Paper,Revere Boxed Rubber Bands by Revere,Paul Prost,43060
Bedford,226.256,25,1.6,10.6202,Office Supplies,Paper,BIC Brite Liner Grip Highlighters,Sylvia Foulston,48592
Glenview,158.376,3,0.2,13.8579,Technology,Phones,Samsung Rugby III,Patrick Ryan,45417
Stockton,1227.6,34,0.6,339.5264,Office Supplies,Binders,Jackery Bar Premium Fast-charging Portable Charger,Alex Grayson,298118
Murray,410.938,23,0.2,131.5286,Office Supplies,Appliances,Acco 6 Outlet Guardian Premium Surge Suppressor,Sarah Foster,48612
Fairfield,18967.716,370,12.8,2420.6238,Office Supplies,Binders,Acco 3-Hole Punch,Dave Hallsten,109320
Grand Prairie,1012.486,45,4.8,-85.2311,Office Supplies,Chairs,Alphabetical Labels for Top Tab Filing,Lycoris Saunders,183372
Malden,228.38,9,0,31.1692,Office Supplies,Art,Avery 52,Anne Pryor,60509
Chesapeake,5996.72,72,0,1262.787,Office Supplies,Phones,AT&T CL82213,Natalie Fritzler,230571
Westfield,519.72,16,0,153.1758,Office Supplies,Furnishings,American Pencil,Dean percer,41301
Cambridge,502.09,19,0,173.7276,Office Supplies,Accessories,Avery Non-Stick Binders,Harold Dahlen,107289
Chandler,1076.747,23,1.7,81.4605,Office Supplies,Art,Acrylic Self-Standing Desk Frames,James Lanier,249146
Layton,4.96,4,0,2.3312,Office Supplies,Fasteners,"OIC Binder Clips, Mini, 1/4"" Capacity, Black",Ken Lonsdale,70790
Coon Rapids,503.13,7,0,136.4532,Office Supplies,Phones,Jabra SPEAK 410,Mitch Webber,62103
Laguna Niguel,290.983,15,0.35,41.9815,Office Supplies,Paper,"Adams Telephone Message Book W/Dividers/Space For Phone Numbers, 5 1/4""X8 1/2"", 200/Messages",Edward Becker,64652
San Bernardino,979.3,33,0.95,69.982,Office Supplies,Binders,Acme Elite Stainless Steel Scissors,Berenike Kampe,213708
Littleton,72.294,1,0.7,-98.8018,Furniture,Bookcases,"Atlantic Metals Mobile 2-Shelf Bookcases, Custom Colors",Bobby Trafton,44275
Plantation,1436.836,45,3.2,12.0391,Office Supplies,Binders,Acrylic Self-Standing Desk Frames,Anna Häberlin,90268
Farmington,718.72,11,0,169.4115,Furniture,Accessories,Martin-Yale Premier Letter Opener,Anthony Witt,45426
Hamilton,328.224,13,0.8,-9.385,Office Supplies,Art,"Binney & Smith Crayola Metallic Colored Pencils, 8-Color Set",Cassandra Brandow,62258
Warwick,2426.84,14,0,1063.7956,Office Supplies,Paper,2300 Heavy-Duty Transfer File Systems by Perma,Saphhira Shifley,81971
Parma,3879.756,40,2.4,31.0618,Office Supplies,Chairs,"Blue String-Tie & Button Interoffice Envelopes, 10 x 13",Susan Pistek,80429
Lakewood,72768.188,816,27,12936.1112,Office Supplies,Binders,"3D Systems Cube Printer, 2nd Generation, Magenta",Nora Paige,147214
Romeoville,8.952,2,0.8,-14.7708,Office Supplies,Binders,"Avery Flip-Chart Easel Binder, Black",Delfina Latchford,39650
West Palm Beach,141.328,11,0.6,31.6092,Office Supplies,Art,Crayola Colored Pencils,Cyra Reiten,102436
Portland,8103.738,184,14.6,19.5146,Office Supplies,Paper,Aastra 6757i CT Wireless VoIP phone,Tracy Blumstein,609456
Yucaipa,50.8,5,0,13.208,Office Supplies,Art,50 Colored Long Pencils,Odella Nelson,52536
Redwood City,41.904,6,0.2,14.1426,Office Supplies,Binders,Wilson Jones Leather-Like Binders with DublLock Round Rings,Stephanie Phelps,80872
Naperville,1288.303,33,3.5,-146.5324,Office Supplies,Binders,Acco Translucent Poly Ring Binders,Phillina Ober,144864
Woodbury,607.65,11,0,196.0962,Office Supplies,Binders,"Adams Telephone Message Book w/Frequently-Called Numbers Space, 400 Messages per Book",Chris Selesnick,65656
San Luis Obispo,3.62,2,0,1.1946,Office Supplies,Fasteners,Assorted Color Push Pins,Susan Pistek,46377
Daytona Beach,272.3315,10,1.05,-52.334,Office Supplies,Accessories,Bretford CR4500 Series Slim Rectangular Table,Roger Demir,62316
Mishawaka,776.24,11,0,96.592,Furniture,Binders,"Global Geo Office Task Chair, Gray",Rick Duston,47989
Chapel Hill,14.016,3,0.2,4.7304,Office Supplies,Art,"Quartet Omega Colored Chalk, 12/Pack",Claudia Bergmann,59635
La Mesa,367.53,8,0.2,114.387,Office Supplies,Accessories,Kensington Expert Mouse Optical USB Trackball for PC or Mac,Sample Company A,58642
North Charleston,284.25,5,0,9.6702,Furniture,Furnishings,"Eldon Expressions Wood Desk Accessories, Oak",Christopher Martinez,104054
Salinas,728.891,39,0.75,270.5181,Office Supplies,Binders,"Acco Four Pocket Poly Ring Binder with Label Holder, Smoke, 1""",Damala Kotsonis,155662
Midland,10583.024,78,0.2,4587.3656,Office Supplies,Binders,Acco Perma 3000 Stacking Storage Drawers,Sam Craven,123933
Manhattan,273.96,2,0,10.9584,Technology,Phones,Jawbone MINI JAMBOX Wireless Bluetooth Speaker,Rick Huthwaite,56143
Edmond,959.55,9,0,243.1039,Office Supplies,Labels,Avaya 5420 Digital phone,Nora Paige,87004
Medford,180.436,20,2.6,39.4018,Office Supplies,Paper,"Acco Flexible ACCOHIDE Square Ring Data Binder, Dark Blue, 11 1/2"" X 14"" 7/8""",Jennifer Halladay,57170
Alexandria,11039.14,168,0,637.2366,Office Supplies,Furnishings,AT&T CL82213,Shirley Daniels,148892
Wichita,825.27,26,0,323.9266,Office Supplies,Appliances,Avery 51,Carlos Daly,386552
Coachella,163.55,3,0,47.1736,Office Supplies,Accessories,Razer Kraken 7.1 Surround Sound Over Ear USB Gaming Headset,Matt Collister,43092
Broomfield,793.504,23,2,62.445,Office Supplies,Binders,Aluminum Document Frame,Joe Elijah,59471
Texarkana,654.24,11,0,163.3746,Furniture,Accessories,"Maxell 74 Minute CDR, 10/Pack",Luke Schmidt,37442
Baytown,10.368,2,0.2,3.6288,Office Supplies,Paper,Xerox 21,Sylvia Foulston,75418
San Gabriel,2061.01,13,0.2,290.8953,Furniture,Appliances,GuestStacker Chair with Chrome Finish Legs,Beth Thompson,40275
Texas City,790.972,7,0.9,20.2218,Furniture,Tables,Bevis Round Conference Table Top & Single Column Base,Paul MacIntyre,46081
Jacksonville,89426.366,858,71.7000000000003,-4647.67,Office Supplies,Paper,"Eaton Premium Continuous-Feed Paper, 25% Cotton, Letter Size, White, 1000 Shts/Box",Michael Kennedy,69079
Oxnard,1558.1,31,0.4,346.4577,Office Supplies,Binders,"#10- 4 1/8"" x 9 1/2"" Security-Tint Envelopes",Laurel Beltran,203007
Broken Arrow,2439.53,17,0,575.5226,Office Supplies,Binders,AT&T 1080 Phone,Benjamin Patterson,103500
Bellingham,3790.24,24,0.2,610.5908,Furniture,Accessories,"GBC Standard Plastic Binding Systems' Combs",Sarah Foster,82631
Bolingbrook,218.308,23,2.4,-4.661,Office Supplies,Appliances,Acme Tagit Stainless Steel Antibacterial Scissors,Tamara Dahlen,73936
The Colony,142.16,14,0.6,31.6586,Office Supplies,Envelopes,Apple EarPods with Remote and Mic,Barry Gonzalez,39458
Kissimmee,751.984,2,0.2,84.5982,Technology,Phones,Samsung Galaxy S4 Mini,Janet Lee,65173
Santa Maria,115.44,3,0,30.0144,Office Supplies,Storage,Advantus Rolling Drawer Organizers,Nathan Cano,102216
Philadelphia,109077.013,1981,175.5,-13837.7674,Office Supplies,Binders,Fellowes High-Stak Drawer Files,Stewart Carmichael,1553165
Santa Clara,222.192,23,0.4,76.0016,Office Supplies,Binders,Acco 6 Outlet Guardian Premium Surge Suppressor,Lisa Ryan,120245
Auburn,6310.336,160,0.4,1469.8334,Office Supplies,Art,50 Colored Long Pencils,Raymond Buch,58582
Arvada,503.4,10,0.8,59.8556,Furniture,Furnishings,Avery 509,Ben Peterman,111707
Kenosha,3906.73,37,0,1028.0728,Technology,Phones,Boston 1900 Electric Pencil Sharpener,Dana Kaydos,99889
Fremont,1119.01,33,0,179.4696,Office Supplies,Paper,"Acco Six-Outlet Power Strip, 4' Cord Length",Ken Black,224922
Salem,6888.49,300,14.4,541.388,Office Supplies,Art,4009 Highlighters by Sanford,Tim Brockman,160614
Austin,6057.982,131,13.4,-20.3938,Office Supplies,Binders,Acco D-Ring Binder w/DublLock,Cynthia Voltz,885400
Edmonds,2523.692,42,0.6,634.2478,Office Supplies,Accessories,Acco Glide Clips,Bryan Davis,40727
Detroit,42446.944,441,0.8,13181.7908,Office Supplies,Binders,Easy-staple paper,Joseph Airdo,688701
Noblesville,3091.18,15,0,353.313,Technology,Phones,AT&T 17929 Lendline Telephone,Daniel Lacy,56540
Conway,301.96,2,0,45.294,Furniture,Tables,"Iceberg OfficeWorks 42"" Round Tables",MaryBeth Skach,63816
Longview,119.21,10,0,38.8983,Office Supplies,Appliances,"DAX Value U-Channel Document Frames, Easel Back",Maria Bertelson,81443
Rancho Cucamonga,231.852,14,0.2,73.7442,Office Supplies,Appliances,Avery 507,Allen Armold,171386
Rio Rancho,1114.192,7,0.4,119.5878,Furniture,Chairs,Global Deluxe Office Fabric Chairs,Gary Zandusky,91956
North Miami,22.128,6,0.4,3.0798,Office Supplies,Paper,Acme Serrated Blade Letter Opener,Dan Campbell,61007
Vallejo,1221.41,22,0.6,336.0355,Office Supplies,Binders,Avery 490,David Flashing,118837
Jupiter,2.064,1,0.2,0.1548,Office Supplies,Art,DIXON Oriole Pencils,Toby Carlisle,58298
San Marcos,216.888,24,2.4,-38.6826,Office Supplies,Accessories,Contemporary Borderless Frame,Matt Collister,54076
Troy,9014.182,224,13.2,-1088.3036,Office Supplies,Binders,#10 Self-Seal White Envelopes,Ted Butterfield,49974
Cedar Hill,122.376,6,0.4,42.8316,Office Supplies,Envelopes,14-7/8 x 11 Blue Bar Computer Printout Paper,Cassandra Brandow,46663
Antioch,19.44,3,0,9.3312,Office Supplies,Paper,Xerox 216,Greg Guthrie,107100
Hesperia,1213.1715,18,0.55,98.5269,Furniture,Accessories,Bestar Classic Bookcase,Grace Kelly,92147
Lowell,4837.93,60,0,1312.5717,Office Supplies,Paper,Advantus Motivational Note Cards,Rick Reed,108861
Carol Stream,1305.81,18,1.2,-39.8683,Office Supplies,Chairs,"Adams Phone Message Book, Professional, 400 Message Capacity, 5 3/6” x 11”",Rob Haberlin,40379
Milwaukee,11410.22,201,0,2793.0851,Office Supplies,Furnishings,Acco 3-Hole Punch,Mike Pelletier,599164
Champaign,151.96,5,0.6,-182.352,Furniture,Furnishings,"Eldon ""L"" Workstation Diamond Chairmat",Lena Creighton,83424
Huntington Beach,2527.82,19,0.2,880.0392,Office Supplies,Art,Avery Hi-Liter Fluorescent Desk Style Markers,Dean Katz,197575
Lincoln Park,387.602,11,0.1,68.3691,Office Supplies,Appliances,"BOSTON Ranger #55 Pencil Sharpener, Black",Dario Medina,37313
Allentown,853.252,20,1.9,-226.4504,Office Supplies,Accessories,12 Colored Short Pencils,Sean Miller,118577
Tempe,1070.302,41,3.1,95.4496,Office Supplies,Accessories,Accohide Poly Flexible Ring Binders,Erin Smith,168228
Mesa,4037.74,128,9.2,-559.2314,Office Supplies,Paper,SAFCO Boltless Steel Shelving,Rick Wilson,457587
Hempstead,2589.586,51,1,629.0646,Office Supplies,Binders,Boston 16750 Black Compact Battery Pencil Sharpener,"Sean O'Donnell",55361
Tigard,1393.782,26,2.1,-216.2861,Office Supplies,Paper,GBC Poly Designer Binding Covers,Michael Granlund,50444
East Orange,377.27,20,0,174.6191,Office Supplies,Paper,"GBC Pre-Punched Binding Paper, Plastic, White, 8-1/2"" x 11""",Cassandra Brandow,64544
Clarksville,2217.73,27,1.9,-1055.3532,Office Supplies,Accessories,Avery 496,Parhena Norris,142357
New Brunswick,14.77,3,0,7.1567,Office Supplies,Fasteners,OIC Binder Clips,Sanjit Jacobs,55831
Sierra Vista,76.072,9,0.6,16.8281,Office Supplies,Appliances,Belkin F9H710-06 7 Outlet SurgeMaster Surge Protector,Barry Blumstein,45129
Newport News,3321.95,43,0,1197.0469,Office Supplies,Paper,#10 Self-Seal White Envelopes,Mike Kennedy,182020
Sacramento,7311.278,36,1.6,2069.6859,Office Supplies,Binders,Anker Astro Mini 3000mAh Ultra-Compact Portable Charger,Jane Waco,479686
Tucson,6313.016,145,9.7,-64.9668,Office Supplies,Paper,Acrylic Self-Standing Desk Frames,Ann Blume,526116
Monroe,2970.434,73,1.8,696.6242,Technology,Accessories,AT&T TR1909W,Brian Dahlen,49761
Spokane,2027.918,36,0.4,172.2261,Office Supplies,Storage,Dixon Ticonderoga Pencils,Bart Watters,210721
Little Rock,3560.35,90,0,1154.6691,Office Supplies,Paper,3M Hangers With Command Adhesive,Clytie Kelty,197357
Haltom City,269.328,13,0.8,51.9558,Office Supplies,Accessories,"#10 Gummed Flap White Envelopes, 100/Box",Muhammed MacIntyre,43580
Gulfport,166.5,20,0,77.5761,Office Supplies,Binders,"Eldon Image Series Desk Accessories, Ebony",Aaron Hawkins,71012
Orlando,1740.08,39,3.2,377.7253,Office Supplies,Paper,Akro-Mils 12-Gallon Tote,Dave Kipp,255483
Keller,6,2,0.2,2.1,Office Supplies,Labels,Avery 510,Dan Lawera,42907
Colorado Springs,3694.009,110,8.3,-956.6841,Office Supplies,Paper,"Atlantic Metals Mobile 4-Shelf Bookcases, Custom Colors",Irene Maddox,439886
Costa Mesa,1497.67,42,0.6,297.2089,Furniture,Furnishings,Aastra 57i VoIP phone,Sanjit Chand,112174
Freeport,739.15,29,2.1,-20.088,Office Supplies,Binders,Avery 494,Troy Staebel,43167
Garland,67.704,12,1.8,-32.373,Office Supplies,Art,Dana Swing-Arm Lamps,Tamara Dahlen,234566
Grand Rapids,526.13,31,0,233.9227,Office Supplies,Paper,"Acco Clips to Go Binder Clips, 24 Clips in Two Sizes",Ryan Crowe,192294
Laredo,1024.34,37,4.2,-54.6139,Office Supplies,Accessories,AT&T 1080 Corded phone,Helen Andreada,248142
Woodland,264.662,7,0.4,33.3848,Office Supplies,Binders,Avery 510,Justin Ellison,56590
Marlborough,206.64,6,0,67.6068,Furniture,Furnishings,"C-Line Magnetic Cubicle Keepers, Clear Polypropylene","Patrick O'Donnell",39414
Chico,2050.178,43,0.8,205.1254,Furniture,Chairs,"Black Print Carbonless Snap-Off Rapid Letter, 8 1/2"" x 7""",Greg Guthrie,88077
Hattiesburg,1722.84,38,0,582.0694,Office Supplies,Accessories,"Advantus Employee of the Month Certificate Frame, 11 x 13-1/2",Joy Smith,47556
Round Rock,4854.0528,23,1.92,-1183.4313,Office Supplies,Accessories,"Acco Banker's Clasps, 5 3/4""-Long",Alex Avila,109821
Bristol,1251.182,31,2.8,81.6363,Office Supplies,Binders,Acco Hanging Data Binders,Christine Abelman,60568
Delray Beach,242.536,11,0.6,29.0542,Office Supplies,Accessories,Advantus Rolling Drawer Organizers,Cathy Prescott,64072
West Jordan,311.85,16,0.2,102.6723,Office Supplies,Binders,Alliance Rubber Bands,Sanjit Chand,110077
San Francisco,112669.092,1935,33.9999999999999,17507.3854,Office Supplies,Binders,"ACCOHIDE 3-Ring Binder, Blue, 1""",Keith Herrera,837442
Thornton,765.248,47,2,140.8398,Office Supplies,Accessories,Memorex Micro Travel Drive 16 GB,Lena Cacioppo,127359
Richmond,36275.86,672,0,11134.4972,Office Supplies,Paper,DAX Wood Document Frame,Hallie Redmond,107571
Montebello,27.88,2,0,3.9032,Technology,Accessories,Sony Micro Vault Click 4 GB USB 2.0 Flash Drive,Brendan Murry,63495
Palm Coast,274.428,20,2,17.6552,Office Supplies,Binders,"#10- 4 1/8"" x 9 1/2"" Security-Tint Envelopes",Don Miller,78740
Redmond,1098.257,52,3.1,-153.7178,Office Supplies,Binders,3M Hangers With Command Adhesive,Sue Ann Reed,57530
Owensboro,71.18,5,0,27.6428,Office Supplies,Paper,Acme Titanium Bonded Scissors,Chris Cortes,58416
Davis,32.4,5,0,15.552,Office Supplies,Paper,Xerox 1931,Jeremy Pistek,66205
Sandy Springs,1997.03,47,0,520.5891,Office Supplies,Art,"Acco Six-Outlet Power Strip, 4' Cord Length",Karen Ferguson,99770
Brentwood,10180.228,132,2,2433.6208,Office Supplies,Phones,Alphabetical Labels for Top Tab Filing,Rick Wilson,40021
Bakersfield,1377.29,47,1.55,187.9247,Office Supplies,Binders,Advantus Plastic Paper Clips,Patrick Gardner,363630
Omaha,6312.53,98,0,1841.6268,Office Supplies,Paper,Acco 6 Outlet Guardian Standard Surge Suppressor,Alejandro Grove,434353
Hendersonville,319.538,22,2,-45.3867,Office Supplies,Binders,Avery Durable Slant Ring Binders,Darren Koutras,54068
Fort Worth,6602.7064,102,11.34,298.7327,Office Supplies,Binders,Storex DuraTech Recycled Plastic Frosted Binders,Brenda Bowman,792727
Vacaville,423.28,11,0,110.0528,Office Supplies,Storage,Advantus Rolling Drawer Organizers,Tamara Manning,94275
Mesquite,52.148,14,2.6,-87.62,Office Supplies,Accessories,Acco 3-Hole Punch,Saphhira Shifley,143484
Longmont,915.088,10,0.6,34.8252,Furniture,Accessories,"Global Manager's Adjustable Task Chair, Storm",Lena Creighton,89919
Shelton,73.33,5,0,21.4053,Office Supplies,Accessories,Micropad Numeric Keypads,Cynthia Delaney,40999
Aurora,23312.956,516,48,-5383.4772,Office Supplies,Binders,"#10 White Business Envelopes,4 1/8 x 9 1/2",Darrin Sayre,199963
Mount Vernon,2119.632,33,0.2,662.5146,Office Supplies,Envelopes,Bionaire Personal Warm Mist Humidifier/Vaporizer,Roland Schwarz,68224
Eau Claire,1645.65,21,0,427.4978,Office Supplies,Binders,Adjustable Personal File Tote,Arthur Gainer,67545
Baltimore,6156.842,184,0.3,1676.198,Office Supplies,Art,"Acco Banker's Clasps, 5 3/4""-Long",Anthony Jacobs,622104
Morgan Hill,545.01,16,0.35,7.846,Furniture,Art,Acco Perma 4000 Stacking Storage Drawers,Roger Demir,40836
Toledo,4466.053,122,10.8,-339.9968,Office Supplies,Binders,3M Organizer Strips,Theresa Swint,282313
Murrieta,484.65,3,0,92.0835,Office Supplies,Storage,Fellowes Super Stor/Drawer Files,Ryan Akin,107479
Paterson,2243.21,62,0,740.49,Office Supplies,Paper,"Acme Hot Forged Carbon Steel Scissors with Nickel-Plated Handles, 3 7/8"" Cut, 8""L",Becky Pak,145948
Bethlehem,1689.634,18,1.9,-1003.0958,Furniture,Appliances,36X48 HARDFLOOR CHAIRMAT,Olvera Toch,75018
Edinburg,88.276,11,1.2,27.8086,Office Supplies,Binders,Advantus Motivational Note Cards,Natalie Fritzler,80836
Des Plaines,1493.212,24,2.6,-236.7674,Furniture,Binders,BPI Conference Tables,Joe Kamberova,58918
El Paso,3546.064,65,5.8,-179.9007,Office Supplies,Chairs,ARKON Windshield Dashboard Air Vent Car Mount Holder,Shahid Collister,674433
Revere,833.26,24,0,258.8366,Office Supplies,Binders,Euro-Pro Shark Turbo Vacuum,Edward Hooks,53756
Dubuque,1687.3,18,0,477.6744,Furniture,Binders,"Acco Pressboard Covers with Storage Hooks, 14 7/8"" x 11"", Executive Red",Deanra Eno,58253
Cheyenne,1603.136,4,0.2,100.196,Furniture,Chairs,Global Troy Executive Leather Low-Back Tilter,Michelle Arnett,62448
South Bend,1238.33,25,0,279.5512,Office Supplies,Paper,Eldon Portable Mobile Manager,Ralph Kennedy,100886
Gaithersburg,405.92,5,0,105.541,Furniture,Bookcases,"Bush Westfield Collection Bookcases, Medium Cherry Finish",Brendan Murry,65690
Waterloo,30.32,4,0,11.8248,Office Supplies,Art,Staples in misc. colors,Natalie Webber,68366
San Diego,47521.029,670,13.6,6377.196,Office Supplies,Paper,GBC Premium Transparent Covers with Diagonal Lined Pattern,Brian Stugart,1355896
Jonesboro,2915.32,53,0,801.1113,Office Supplies,Art,Apple iPhone 5C,Hunter Lopez,71551
Rockford,3166.228,64,5.6,-1149.5078,Office Supplies,Binders,Avery Durable Binders,David Flashing,150251
Danbury,27.46,2,0,9.8856,Furniture,Furnishings,DAX Wood Document Frame,Julia Barnett,83684
Santa Fe,100.92,14,0,20.688,Office Supplies,Accessories,KeyTronic KT400U2 - Keyboard - Black,Marc Harrigan,69976
Rockville,469.77,11,0,133.2147,Office Supplies,Phones,AT&T 17929 Lendline Telephone,Joel Eaton,64072
Hoover,525.85,15,0,18.7173,Office Supplies,Accessories,Avery Poly Binder Pockets,Carol Adams,84126
College Station,291.042,19,1.3,-117.6224,Office Supplies,Appliances,Acco 6 Outlet Guardian Premium Plus Surge Suppressor,Michael Moore,100050
Greenwood,1665.05,19,0,471.7322,Office Supplies,Paper,"Ampad Gold Fibre Wirebound Steno Books, 6"" x 9"", Gregg Ruled",Adam Bellavance,53665
Fort Lauderdale,4929.5325,65,4.5,-161.3551,Office Supplies,Accessories,Bretford CR4500 Series Slim Rectangular Table,Anne Pryor,172389
Bloomington,4703.22,174,8.7,-748.065,Office Supplies,Art,"#10 White Business Envelopes,4 1/8 x 9 1/2",Steven Roelle,78902
Meriden,1550.68,32,0,470.2212,Office Supplies,Art,"Acco PRESSTEX Data Binder with Storage Hooks, Light Blue, 9 1/2"" X 11""",Erica Hackney,60456
Las Cruces,98.77,9,0,43.9394,Office Supplies,Art,9-3/4 Diameter Round Wall Clock,Denise Leinenbach,101324
Cary,505.208,19,1.2,54.0386,Office Supplies,Appliances,Acco 6 Outlet Guardian Premium Surge Suppressor,Brad Norvell,151088
San Jose,6071.229,159,3.1,1216.0579,Office Supplies,Binders,"Acco Six-Outlet Power Strip, 4' Cord Length",Keith Dawkins,998537
Tinley Park,22.288,7,0.6,-8.9152,Furniture,Furnishings,Staple-based wall hangings,Laura Armstrong,57282
Boca Raton,63.008,8,1.1,-22.6456,Office Supplies,Accessories,Avery File Folder Labels,Vivian Mathis,89407
Pasadena,13180.292,312,14.8,179.7438,Office Supplies,Art,"#10- 4 1/8"" x 9 1/2"" Recycled Envelopes",Barry Franz,139731
Gastonia,895.06,16,1.3,-14.7436,Office Supplies,Accessories,Imation Secure+ Hardware Encrypted USB 2.0 Flash Drive; 16GB,Ross Baird,73209
Coral Gables,64.248,6,0.4,22.3578,Furniture,Furnishings,Magna Visual Magnetic Picture Hangers,Anna Häberlin,49631
Jefferson City,86.62,2,0,8.662,Furniture,Furnishings,Eldon Advantage Chair Mats for Low to Medium Pile Carpets,Ed Ludwig,43330
Pembroke Pines,1714.3755,47,4.55,-72.4491,Office Supplies,Accessories,14-7/8 x 11 Blue Bar Computer Printout Paper,Nick Radford,162329
Springdale,4.3,2,0,1.419,Office Supplies,Art,"Binney & Smith inkTank Desk Highlighter, Chisel Tip, Yellow, 12/Box",Katherine Murray,75229
Margate,15.552,3,0.2,2.3328,Office Supplies,Art,"BIC Brite Liner Highlighters, Chisel Tip",Sanjit Chand,55456
El Cajon,865.616,6,0.4,52.6872,Furniture,Chairs,Global Comet Stacking Armless Chair,Becky Castell,102211
Danville,2404.508,76,2,426.0906,Office Supplies,Binders,Document Clip Frames,Nancy Lomonaco,42907
Lansing,1610.286,25,0.1,412.8734,Office Supplies,Appliances,Acco Expandable Hanging Binders,Nat Carroll,113972
Vineland,647.966,24,0.3,62.2518,Office Supplies,Accessories,Acme Titanium Bonded Scissors,Cynthia Arntzen,61050
Fayetteville,13851.852,336,13.8,3637.3384,Office Supplies,Paper,Eldon Pizzaz Desk Accessories,Jill Fjeld,204408
Missouri City,6.37,7,0.8,-9.555,Office Supplies,Binders,Presstex Flexible Ring Binders,Michelle Lonsdale,70185
Sioux Falls,1137.42,35,0,343.4299,Office Supplies,Accessories,"1.7 Cubic Foot Compact ""Cube"" Office Refrigerators",Elizabeth Moffitt,164676
Charlottesville,102.61,7,0,22.6278,Furniture,Art,Newell 309,Adam Shillingsburg,44349
Normal,366.744,4,0.3,-110.0232,Furniture,Chairs,"Office Star - Contemporary Task Swivel chair with Loop Arms, Charcoal",Daniel Raglin,54664
Great Falls,4605.58,30,0.4,1582.7071,Office Supplies,Storage,AT&T SB67148 SynJ,Alan Dominguez,59351
Citrus Heights,129.39,3,0,54.3438,Furniture,Furnishings,"Howard Miller 11-1/2"" Diameter Brentwood Wall Clock",Maria Bertelson,85285
Wausau,317.48,14,0,90.4306,Office Supplies,Storage,"ACCOHIDE 3-Ring Binder, Blue, 1""",Maribeth Schnelling,39309
Burlington,43336.164,210,6.8,-7245.7544,Office Supplies,Art,4009 Highlighters,Raymond Messe,42284
Wheeling,1946.966,27,1.6,-107.3962,Office Supplies,Binders,Bretford CR8500 Series Meeting Room Furniture,Eugene Hildebrand,38015
Encinitas,591.981,13,0.75,71.0588,Furniture,Binders,Bevis 36 x 72 Conference Tables,Russell Applegate,61588
Houston,64504.7603999999,1466,143.14,-10153.5485,Office Supplies,Binders,Staples,Eric Hoffmann,2195914
Minneapolis,16870.54,80,0,6824.5846,Office Supplies,Binders,Avery Binding System Hidden Tab Executive Style Index Sets,Sanjit Chand,400070
Columbia,50566.648,632,9.6,11212.2334,Office Supplies,Binders,Wilson Jones Turn Tabs Binder Tool for Ring Binders,Giulietta Baptist,115276
Missoula,487.984,2,0.2,152.495,Office Supplies,Binders,Ibico Hi-Tech Manual Binding System,"Jas O'Carroll",69122
Lake Forest,1625.536,17,0.2,327.5314,Office Supplies,Paper,Avanti 4.4 Cu. Ft. Refrigerator,Daniel Byrd,79312
Marietta,2938.62,33,0,512.1456,Office Supplies,Storage,"24 Capacity Maxi Data Binder Racks, Pearl",Randy Ferguson,59089
Moorhead,543.86,9,0,101.4106,Furniture,Accessories,Global Super Steno Chair,Cindy Chapman,39398
Homestead,132.552,5,0.6,22.3291,Office Supplies,Paper,Staple remover,Art Ferguson,64079
Mission Viejo,775.986,18,0.15,151.0645,Office Supplies,Accessories,Avery 480,John Lee,96346
Draper,263.65,13,0.2,92.7255,Technology,Accessories,"DAX Copper Panel Document Frame, 5 x 7 Size",Justin MacKendrick,45285
Bullhead City,22.288,3,0.4,6.7232,Furniture,Envelopes,#6 3/4 Gummed Flap White Envelopes,Gary Zandusky,39383
Mansfield,1117.754,26,1,-133.5826,Furniture,Paper,Hon 2111 Invitation Series Straight Table,Ed Braxton,46454
Moreno Valley,1262.466,42,0.2,353.6301,Office Supplies,Paper,Advantus Rolling Storage Box,Cynthia Delaney,201175
Kenner,89.32,4,0,19.7976,Office Supplies,Accessories,Sony 64GB Class 10 Micro SDHC R40 Memory Card,Hunter Glantz,66975
Independence,2417.37,6,0,975.663,Office Supplies,Appliances,GBC DocuBind 300 Electric Binding Machine,Robert Dilbeck,117240
Waterbury,1326.06,33,0,338.9355,Office Supplies,Accessories,Acme Forged Steel Scissors with Black Enamel Handles,Arthur Gainer,109676
Norman,1351.33,9,0,269.5287,Technology,Accessories,Logitech P710e Mobile Speakerphone,Ken Heidel,118197
Salt Lake City,802.776,42,0.6,329.2601,Office Supplies,Paper,"Acco Data Flex Cable Posts For Top & Bottom Load Binders, 6"" Capacity",Patrick Bzostek,191180
Chicago,48539.541,1132,120.5,-6654.5688,Office Supplies,Binders,"Belkin 19"" Vented Equipment Shelf, Black",Rob Lucas,2718782
Visalia,318.78,20,0,88.0478,Office Supplies,Accessories,"Eberhard Faber 3 1/2"" Golf Pencils",Liz Preis,127763
Akron,2729.986,65,7.5,-186.6356,Office Supplies,Binders,Acco Expandable Hanging Binders,Karl Braun,198100
Memphis,5942.341,116,8.4,-1479.04,Office Supplies,Storage,"""While you Were Out"" Message Book, One Form per Page",Dan Campbell,653450
Tamarac,1413.51,15,1.8,-351.8961,Office Supplies,Binders,"Acco 7-Outlet Masterpiece Power Center, Wihtout Fax/Phone Line Protection",Alan Haines,63155
Sterling Heights,110.04,11,0,33.0676,Office Supplies,Art,Durable Pressboard Binders,Jason Fortune-,131224
Nashua,35.94,10,0,13.5126,Furniture,Fasteners,"Master Big Foot Doorstop, Beige",Saphhira Shifley,87137
Warner Robins,434.8,10,0,53.6884,Furniture,Art,Newell 315,Debra Catini,72531
Modesto,326.15,10,0.4,19.943,Technology,Accessories,Global Low Back Tilter Chair,Barry Französisch,204933
Coral Springs,824.992,21,1.6,18.5568,Office Supplies,Appliances,Avery 492,Nat Gilpin,126604
Johnson City,765.848,43,3.9,11.8562,Office Supplies,Binders,"#10- 4 1/8"" x 9 1/2"" Security-Tint Envelopes",Brosina Hoffman,65123
Santa Ana,3366.31,55,1,836.7465,Office Supplies,Paper,"24 Capacity Maxi Data Binder Racks, Pearl",Stewart Visinsky,334227
Norfolk,17.43,3,0,8.0178,Office Supplies,Binders,Fellowes Black Plastic Comb Bindings,Sonia Sunley,246139
Georgetown,1786.42,35,0,402.76,Office Supplies,Storage,"Acco Clips to Go Binder Clips, 24 Clips in Two Sizes",Anna Andreadi,54898
Roswell,13304.64,128,0,4854.8706,Office Supplies,Paper,"Ampad Evidence Wirebond Steno Books, 6"" x 9""",Christine Sundaresam,48611
Parker,1067.942,24,3.6,-164.1893,Office Supplies,Binders,GBC Standard Therm-A-Bind Covers,Maribeth Yedwab,48608
Lodi,136.98,9,0,44.4858,Office Supplies,Art,"Acme Hot Forged Carbon Steel Scissors with Nickel-Plated Handles, 3 7/8"" Cut, 8""L",Edward Hooks,63338
Jackson,49927.716,636,5,15163.3656,Office Supplies,Paper,Xerox 1964,Keith Dawkins,172638
Hillsboro,87.838,14,1.3,1.5455,Office Supplies,Accessories,9-3/4 Diameter Round Wall Clock,Chloris Kastensmidt,97368
Greeley,30.352,5,0.4,10.3614,Furniture,Envelopes,"Eldon Imàge Series Desk Accessories, Clear","Sean O'Donnell",96539
Sunnyvale,636.21,23,0.4,107.5073,Office Supplies,Accessories,Accohide Poly Flexible Ring Binders,Kalyca Meade,147559
Vancouver,686.836,15,0.2,75.4546,Furniture,Furnishings,3M Hangers With Command Adhesive,Anthony Rawles,167405
Coppell,135.936,17,0.8,41.4892,Office Supplies,Art,Acco Perma 3000 Stacking Storage Drawers,John Dryer,40342
Apple Valley,4106.042,64,1.1,585.178,Office Supplies,Paper,"Atlantic Metals Mobile 4-Shelf Bookcases, Custom Colors",Anthony Johnson,50201
Avondale,946.808,30,1.2,76.169,Office Supplies,Accessories,Acme Office Executive Series Stainless Steel Trimmers,Kunst Miller,78822
Lorain,2015.111,35,2.7,-632.9229,Office Supplies,Furnishings,Advantus Rolling Storage Box,Brad Eason,63710
League City,875.368,25,1.4,-31.3499,Office Supplies,Art,Bulldog Vacuum Base Pencil Sharpener,Paul Van Hugh,90983
Utica,655.04,33,0.4,188.5596,Office Supplies,Binders,"Acco PRESSTEX Data Binder with Storage Hooks, Dark Blue, 14 7/8"" X 11""",Lynn Smith,61808
Maple Grove,882.87,13,0,385.0101,Office Supplies,Binders,Avery 490,Dean percer,65415
Bryan,616.656,27,3.7,-213.7116,Office Supplies,Binders,"GBC Pre-Punched Binding Paper, Plastic, White, 8-1/2"" x 11""",Frank Merwin,78709
Leominster,217.49,20,0,79.5016,Office Supplies,Binders,"Adams Telephone Message Book W/Dividers/Space For Phone Numbers, 5 1/4""X8 1/2"", 200/Messages",Guy Phonely,41002
Pharr,1540.708,22,1.3,-237.5528,Furniture,Accessories,Flat Face Poster Frame,Mick Hernandez,73790
Portage,16.28,2,0,6.512,Office Supplies,Art,"Avery Hi-Liter EverBold Pen Style Fluorescent Highlighters, 4/Pack",Vivian Mathis,47523
Yuma,840.865,22,1.8,-465.9909,Office Supplies,Accessories,GBC Standard Therm-A-Bind Covers,Dario Medina,91923
Durham,879.96,33,2.3,116.8699,Office Supplies,Art,Advantus Rolling Drawer Organizers,Lena Radford,245475
Montgomery,3722.73,48,0,834.6571,Furniture,Furnishings,Acrylic Self-Standing Desk Frames,Alan Schoenberger,201332
Springfield,215271.71,3245,116.000000000001,31003.487,Office Supplies,Paper,Alphabetical Labels for Top Tab Filing,Paul Prost,117006
Caldwell,455.632,11,0.2,58.6966,Office Supplies,Paper,Office Star - Contemporary Swivel Chair with Padded Adjustable Arms and Flex Back,Sally Hughsby,48957
Milford,961.74,30,0,319.054,Office Supplies,Accessories,Acme Box Cutter Scissors,Dan Reichenbach,51644
Park Ridge,685,17,1,-238.45,Furniture,Furnishings,Eldon ClusterMat Chair Mat with Cordless Antistatic Protection,Joni Sundaresam,37839
Scottsdale,1466.307,55,3.9,-89.4879,Office Supplies,Envelopes,12-1/2 Diameter Round Wall Clock,Toby Swindell,226918
Knoxville,3928.166,81,6.2,-1165.0755,Office Supplies,Furnishings,Avery 474,Dean percer,183270
Buffalo Grove,831.399,10,0.7,-89.6478,Furniture,Accessories,Chromcraft Rectangular Conference Tables,Bryan Mills,41778
Passaic,1562.086,24,0.3,356.8186,Technology,Phones,AT&T 841000 Phone,Art Ferguson,70868
Oceanside,4350.738,107,1.8,772.6799,Furniture,Furnishings,9-3/4 Diameter Round Wall Clock,Emily Grady,172794
Phoenix,11000.257,224,22.3,-2790.8832,Office Supplies,Binders,Acco Expandable Hanging Binders,Adrian Barton,1513367
Mentor,693.13,15,1.5,-123.2742,Furniture,Paper,G.E. Longer-Life Indoor Recessed Floodlight Bulbs,Maureen Gastineau,46979
Dearborn,1603.31,23,0.1,467.3864,Office Supplies,Appliances,"BOSTON Model 1800 Electric Pencil Sharpeners, Putty/Woodgrain",Sylvia Foulston,95884
Altoona,20.451,9,0.9,-1.1835,Office Supplies,Art,"Eldon Spacemaker Box, Quick-Snap Lid, Clear",Bill Tyler,45796
Florence,15243.44,182,0,4337.9322,Office Supplies,Storage,Acme Stainless Steel Office Snips,Joel Eaton,37792
Asheville,1475.376,28,1.9,77.5074,Office Supplies,Art,Avery Durable Slant Ring Binders,Doug Bickford,87236
Redding,333.576,3,0.2,25.0182,Technology,Phones,Toshiba IPT2010-SD IP Telephone,Emily Burns,91119
Holyoke,301.96,2,0,60.392,Furniture,Bookcases,Bush Mission Pointe Library,Paul Prost,40249
Niagara Falls,199.842,12,0.2,59.2383,Office Supplies,Art,Cisco SPA112 2 Port Phone Adapter,Nora Pelletier,49468
La Crosse,830.41,22,0,272.0761,Furniture,Accessories,Eldon Expressions Mahogany Wood Desk Collection,Steve Chapman,51522
Pomona,1482.502,34,0.2,150.299,Office Supplies,Accessories,Plantronics Audio 478 Stereo USB Headset,Nicole Hansen,151348
Pasco,2201.112,27,0.4,357.5244,Office Supplies,Art,Carina Double Wide Media Storage Towers in Natural & Black,Marc Crier,67599
Henderson,17549.068,198,0.2,4911.8609,Office Supplies,Binders,Global Adaptabilities Conference Tables,Maria Etezadi,270811
Norwich,414.04,12,0,164.0896,Office Supplies,Appliances,3M Hangers With Command Adhesive,Cathy Prescott,40347
Decatur,13088.586,258,13.2,1378.1112,Office Supplies,Paper,"Tenex File Box, Personal Filing Tote with Lid, Black",Joy Smith,55816
Rochester,15949.06,340,4.4,3486.8382,Office Supplies,Binders,ACCOHIDE Binder by Acco,Luke Weiss,110742
Dover,4878.074,75,0.3,1021.4941,Office Supplies,Furnishings,24-Hour Round Wall Clock,Peter McVee,37366
Virginia Beach,5752.13,62,0,2024.8837,Office Supplies,Furnishings,"3M Polarizing Task Lamp with Clamp Arm, Light Gray",Liz Willingham,448479
Ormond Beach,2.808,3,0.7,-1.9656,Office Supplies,Binders,Zipper Ring Binder Pockets,Thais Sissman,38661
Lancaster,39565.856,684,58.0000000000001,-28956.2736,Office Supplies,Binders,"Message Book, Wirebound, Four 5 1/2"" X 4"" Forms/Pg., 200 Dupl. Sets/Book",Shaun Chance,159523
Muskogee,1721.7,14,0,442.5966,Office Supplies,Appliances,Bevis Boat-Shaped Conference Table,Julie Prescott,38863
Atlanta,17197.84,156,0,6993.6629,Office Supplies,Paper,Fellowes PB500 Electric Punch Plastic Comb Binding Machine with Manual Bind,Fred Harton,447841
Wilson,368.732,20,2.2,-14.336,Office Supplies,Binders,"Dana Fluorescent Magnifying Lamp, White, 36""",Thomas Boland,49628
Middletown,2309.22,56,0,315.2318,Office Supplies,Paper,"Acco PRESSTEX Data Binder with Storage Hooks, Dark Blue, 14 7/8"" X 11""",Duane Benoit,47333
San Clemente,90.058,10,0.2,42.5419,Office Supplies,Binders,"Recycled Interoffice Envelopes with String and Button Closure, 10 x 13",Art Ferguson,65040
Billings,8.288,2,0.2,2.6936,Office Supplies,Binders,"SlimView Poly Binder, 3/8""",Robert Barroso,109059
Pompano Beach,90.44,12,0.6,15.0065,Furniture,Accessories,3M Hangers With Command Adhesive,Saphhira Shifley,104410
Hickory,40.764,5,0.9,-1.0956,Office Supplies,Binders,AT&T 17929 Lendline Telephone,Dean Braden,40361
Meridian,658.104,22,0.4,190.428,Office Supplies,Appliances,36X48 HARDFLOOR CHAIRMAT,Nick Zandusky,40921
Logan,280.276,21,0.4,46.9632,Office Supplies,Binders,Carina Double Wide Media Storage Towers in Natural & Black,Jason Fortune-,48913
Elkhart,171.43,7,0,16.6721,Office Supplies,Accessories,"Memorex 25GB 6X Branded Blu-Ray Recordable Disc, 30/Pack",Lena Hernandez,51265
Grapevine,41.528,12,0.4,8.7749,Office Supplies,Art,"Dixon Ticonderoga Erasable Colored Pencil Set, 12-Color",Muhammed Yedwab,50195
La Quinta,46.32,4,0,18.0648,Technology,Accessories,Memorex Mini Travel Drive 8 GB USB 2.0 Flash Drive,Lori Olson,39331
Elyria,1.824,1,0.7,-1.3984,Office Supplies,Binders,Prestige Round Ring Binders,Brian Moss,53956
Greenville,4235.66,54,5.2,-1097.9768,Technology,Accessories,"3D Systems Cube Printer, 2nd Generation, White",Lena Hernandez,61397
Beaumont,944.232,42,4,118.2328,Office Supplies,Accessories,Case Logic 2.4GHz Wireless Keyboard,Sean Christensen,117796
Fort Collins,935.252,20,2.4,-252.6926,Furniture,Accessories,"Atlantic Metals Mobile 5-Shelf Bookcases, Custom Colors",Arthur Prichep,152061
Concord,31627.206,402,8.25,-2155.9167,Office Supplies,Furnishings,Acme Forged Steel Scissors with Black Enamel Handles,Chuck Clark,125880
Dublin,4802.32,112,9.4,-699.859,Office Supplies,Accessories,"Cardinal HOLDit! Binder Insert Strips,Extra Strips",Joni Blumstein,43607
Beverly,2583.19,15,0,654.9194,Office Supplies,Appliances,"Fellowes Strictly Business Drawer File, Letter/Legal Size",Anthony Jacobs,40664
Manchester,2126.28,42,0,600.5054,Office Supplies,Storage,Acco Perma 4000 Stacking Storage Drawers,Jamie Frazer,110378
Lawton,1057.49,13,0,235.5085,Office Supplies,Appliances,Bevis 36 x 72 Conference Tables,Brian DeCherney,97151
Redondo Beach,1959.803,35,0.95,176.4289,Office Supplies,Binders,"#10- 4 1/8"" x 9 1/2"" Security-Tint Envelopes",Kean Nguyen,67815
Oklahoma City,6596.82,78,0,1580.7607,Office Supplies,Phones,Avery 49,Cynthia Delaney,610613
Mount Pleasant,563.08,8,0,93.5208,Furniture,Chairs,"DAX Cubicle Frames, 8-1/2 x 11",Guy Armstrong,74885
Whittier,444.768,4,0.2,44.4768,Technology,Phones,Nortel Business Series Terminal T7208 Digital phone,Laurel Elliston,86635
Skokie,568.832,44,5.2,-346.87,Office Supplies,Binders,Avery Durable Binders,Dave Brooks,65176
Appleton,1671.31,12,0,554.7663,Office Supplies,Accessories,Avery 481,Bobby Elias,73596
Rapid City,152.64,4,0,44.7684,Furniture,Binders,"Safco Value Mate Series Steel Bookcases, Baked Enamel Finish on Steel, Gray",Carol Adams,70812
Hampton,2722.26,48,0,953.8323,Office Supplies,Chairs,AT&T 17929 Lendline Telephone,Rob Haberlin,136699
Santa Barbara,4289.234,30,0.6,457.2858,Office Supplies,Phones,Avery 503,Maria Etezadi,90412
Lawrence,22962.576,498,1.8,7146.4395,Office Supplies,Binders,"Acco Banker's Clasps, 5 3/4""-Long",Ben Ferrer,47135
Urbandale,149.12,12,0,57.718,Office Supplies,Art,"Avery Durable Plastic 1"" Binders",Clay Ludtke,41776
Redlands,2891.021,61,0.75,454.1556,Office Supplies,Art,Acme Tagit Stainless Steel Antibacterial Scissors,Sandra Glassco,69999
Bartlett,177.92,16,0.4,20.016,Office Supplies,Supplies,"Acme Hot Forged Carbon Steel Scissors with Nickel-Plated Handles, 3 7/8"" Cut, 8""L",Amy Hunt,41679
Chattanooga,988.803,38,3.3,27.1918,Furniture,Furnishings,3M Organizer Strips,Christina Anderson,173366
Melbourne,95.616,2,0.2,9.5616,Office Supplies,Storage,"Advantus 10-Drawer Portable Organizer, Chrome Metal Frame, Smoke Drawers",Erin Smith,77508
New Bedford,235.97,22,0,50.4861,Office Supplies,Binders,"Avery Triangle Shaped Sheet Lifters, Black, 2/Pack",Nick Crebassa,95078
Lakeland,5606.8865,74,6.15,-188.6365,Office Supplies,Furnishings,Avery 501,Jim Epp,100710
Perth Amboy,1717.08,22,0,633.644,Office Supplies,Paper,"Adams Telephone Message Book W/Dividers/Space For Phone Numbers, 5 1/4""X8 1/2"", 300/Messages",Matt Collister,51982
Fargo,919.91,30,0,230.1497,Office Supplies,Art,"BIC Brite Liner Highlighters, Chisel Tip",Nat Carroll,113658
Southaven,1455.39,25,0,412.8902,Office Supplies,Accessories,Ibico Recycled Linen-Style Covers,Claudia Bergmann,50997
Trenton,1765.195,54,0.1,652.0998,Office Supplies,Binders,"Acco Smartsocket Table Surge Protector, 6 Color-Coded Adapter Outlets",Matt Abelman,84349
Ontario,283.92,5,0.2,-46.137,Furniture,Chairs,Novimex High-Tech Fabric Mesh Task Chair,Kelly Andreada,167500
Tampa,5196.0805,105,12,-325.2366,Office Supplies,Binders,Acco Perma 3000 Stacking Storage Drawers,Alan Shonely,352957
Dallas,20131.9322,555,56.3,-2846.5257,Office Supplies,Binders,Colored Push Pins,Lindsay Shagiari,1257676
Hollywood,1070.474,44,3.2,108.2012,Office Supplies,Paper,Avery 484,Christine Sundaresam,146526
Abilene,1.392,2,0.8,-3.7584,Office Supplies,Appliances,Hoover Commercial Lightweight Upright Vacuum,Dennis Kane,120099
Seattle,119540.742,1590,27.7999999999999,29156.0967,Office Supplies,Binders,"Cardinal Slant-D Ring Binder, Heavy Gauge Vinyl",Dennis Kane,652405
Brownsville,1292.2268,27,1.62,202.072,Office Supplies,Bookcases,Airmail Envelopes,Mark Packer,181860
Mobile,5462.99,52,0,2175.8292,Office Supplies,Binders,Anker Astro Mini 3000mAh Ultra-Compact Portable Charger,Mark Cousins,194899
Buffalo,9063.496,46,0.6,992.8791,Furniture,Chairs,"Blue String-Tie & Button Interoffice Envelopes, 10 x 13",Greg Tran,258959
Washington,2865.02,40,0,1059.5893,Office Supplies,Paper,9-3/4 Diameter Round Wall Clock,Toby Braunhardt,646449
Irving,605.5,23,2.2,-100.5125,Office Supplies,Labels,3.6 Cubic Foot Counter Height Office Refrigerator,Adam Shillingsburg,228653
Commerce City,146.352,3,0.2,-32.9292,Office Supplies,Storage,Carina Media Storage Towers in Natural & Black,Ryan Akin,49799
Las Vegas,1834.02,61,1,332.4433,Office Supplies,Binders,Wilson Jones Impact Binders,Rick Duston,603488
Saginaw,395.86,24,0,77.1801,Office Supplies,Storage,"Advantus Push Pins, Aluminum Head",Joseph Holt,50303
Atlantic City,23.36,2,0,11.68,Office Supplies,Envelopes,Staple envelope,Jason Klamczynski,39551
Canton,818.13,13,0,149.2776,Office Supplies,Binders,Coloredge Poster Frame,Janet Molinari,72535
Kent,1697.556,48,1.8,591.7956,Office Supplies,Phones,Acco 6 Outlet Guardian Standard Surge Suppressor,Jenna Caffey,124435
Waco,606.1072,17,3.12,-520.1034,Office Supplies,Binders,Acco Suede Grain Vinyl Round Ring Binder,Cassandra Brandow,129030
Huntsville,18389.9736,322,21.24,323.6616,Office Supplies,Binders,"Tenex Carpeted, Granite-Look or Clear Contemporary Contour Shape Chair Mats",Janet Martin,186254
Franklin,11257.037,139,4.3,1664.8679,Office Supplies,Binders,ARKON Windshield Dashboard Air Vent Car Mount Holder,Sanjit Jacobs,68886
Grand Island,15.96,2,0,7.98,Office Supplies,Paper,"Adams Telephone Message Book w/Frequently-Called Numbers Space, 400 Messages per Book",Tamara Manning,50550
Chula Vista,1041.62,13,0,248.4346,Office Supplies,Art,Boston Heavy-Duty Trimline Electric Pencil Sharpeners,Julia Barnett,256780
Summerville,406.94,10,0,196.9132,Office Supplies,Binders,Motorla HX550 Universal Bluetooth Headset,Roland Schwarz,46074
Temecula,808.666,14,0.4,101.8869,Technology,Accessories,"Angle-D Binders with Locking Rings, Label Holders",Rob Dowd,106780
Dearborn Heights,1051.57,19,0,140.8905,Office Supplies,Art,"Binney & Smith Crayola Metallic Colored Pencils, 8-Color Set",Ruben Dartt,56620
Columbus,116118.729,2508,115.500000000001,17691.3039,Office Supplies,Paper,Staple envelope,Saphhira Shifley,202824
Palatine,116.312,7,0.2,23.2624,Technology,Accessories,Enermax Briskie RF Wireless Keyboard and Mouse Combo,Alejandro Savely,69350
Reno,644.062,17,0.4,115.0527,Office Supplies,Art,"Crayola Anti Dust Chalk, 12/Pack",Kelly Lampkin,233294
Reading,873.712,16,1.3,-268.7642,Furniture,Furnishings,"Atlantic Metals Mobile 3-Shelf Bookcases, Custom Colors",Tom Stivers,87893
Plano,3530.3746,48,4.12,-383.0554,Office Supplies,Paper,"Array Parchment Paper, Assorted Colors",Sam Craven,274409
Glendale,5835.73,134,12.2,365.7196,Office Supplies,Paper,Binder Clips by OIC,Eugene Moren,196021
Orland Park,339.96,5,0.2,67.992,Technology,Accessories,Logitech Gaming G510s - Keyboard,Pete Armstrong,58590
Iowa City,9.99,1,0,4.4955,Office Supplies,Paper,Hammermill Color Copier Paper (28Lb. and 96 Bright),Charles Sheldon,71591
Richardson,1288.464,12,0.8,-24.4893,Furniture,Furnishings,"Electrix Architect's Clamp-On Swing Arm Lamp, Black",Gene Hale,104475
Plainfield,9053.7,98,0,2471.3314,Office Supplies,Appliances,Black & Decker Filter for Double Action Dustbuster Cordless Vac BLDV7210,Richard Bierner,41734
Miramar,1531.192,41,2.1,32.281,Office Supplies,Furnishings,"Acco 7-Outlet Masterpiece Power Center, Wihtout Fax/Phone Line Protection",Jim Sink,130288
Bozeman,43.66,5,0,20.8106,Office Supplies,Labels,Avery 500,Carl Weiss,39860
Newark,85728.3569999999,1086,29.4,17381.2764,Office Supplies,Furnishings,Easy-staple paper,Harold Engle,278427
Cleveland,12692.37,276,25.6,-1696.0158,Office Supplies,Storage,Apple iPhone 5,Clay Ludtke,390113
Grove City,123.588,12,1.1,13.1952,Office Supplies,Binders,Prestige Round Ring Binders,Clytie Kelty,37490
Odessa,976.124,22,1.8,-69.7118,Office Supplies,Chairs,"Holmes Replacement Filter for HEPA Air Cleaner, Very Large Room, HEPA Filter",Jason Gross,110720
Olathe,895.79,15,0,207.4108,Office Supplies,Accessories,Compact Automatic Electric Letter Opener,Tom Ashbrook,131885
Olympia,1020.448,15,0.4,139.6269,Furniture,Chairs,DMI Arturo Collection Mission-style Design Wood Chair,Jim Karlsson,48338
Escondido,94.548,9,0.2,27.753,Office Supplies,Art,"BOSTON Model 1800 Electric Pencil Sharpeners, Putty/Woodgrain",Eileen Kiefer,148738
Sanford,225.546,9,0.9,-11.8272,Furniture,Binders,"Acco PRESSTEX Data Binder with Storage Hooks, Light Blue, 9 1/2"" X 11""",Mick Hernandez,56002
Tulsa,5556.97,107,0,1506.935,Office Supplies,Binders,"3M Polarizing Task Lamp with Clamp Arm, Light Gray",Tom Boeckenhauer,398121
New Rochelle,1255.228,27,0.5,368.411,Office Supplies,Binders,Acco D-Ring Binder w/DublLock,Kristina Nunn,79446
Providence,15980.65,118,0.3,5505.6569,Office Supplies,Paper,"Adams Telephone Message Book W/Dividers/Space For Phone Numbers, 5 1/4""X8 1/2"", 200/Messages",Katherine Murray,177994
Taylor,353.7,7,0,44.8682,Furniture,Accessories,Newell 350,Ashley Jarboe,61817
Waukesha,54.5,5,0,14.17,Office Supplies,Storage,Crate-A-Files,Jennifer Jackson,71016
Port Orange,7.824,1,0.2,2.934,Office Supplies,Envelopes,Staple envelope,Jeremy Pistek,57203
Pueblo,1686.938,42,4.1,-900.9719,Office Supplies,Binders,"Avery Framed View Binder, EZD Ring (Locking), Navy, 1 1/2""",Laurel Beltran,108249
Madison,10693.58,74,0,2247.3104,Office Supplies,Accessories,"ACCOHIDE 3-Ring Binder, Blue, 1""",Jeremy Pistek,243344
Gilbert,4172.382,58,3.3,138.253,Furniture,Furnishings,Avery 501,Katherine Murray,229972
Hagerstown,43.8,6,0,20.586,Office Supplies,Binders,"Angle-D Binders with Locking Rings, Label Holders",Trudy Brown,40612
Westland,2057.976,46,0.1,389.5995,Office Supplies,Storage,"Acco Pressboard Covers with Storage Hooks, 9 1/2"" x 11"", Executive Red",Xylona Preis,82578
Allen,290.206,13,1.5,-39.8775,Office Supplies,Accessories,Chromcraft Round Conference Tables,Anna Gayman,92020
San Antonio,21843.528,247,22.6,-7299.0502,Office Supplies,Binders,GBC Premium Transparent Covers with Diagonal Lined Pattern,Becky Martin,1409019
Bayonne,183.4,9,0,79.403,Technology,Accessories,Memorex Micro Travel Drive 16 GB,Phillina Ober,65028
Miami,8673.0745,215,18.65,-1150.3704,Office Supplies,Binders,Bulldog Vacuum Base Pencil Sharpener,Duane Huffman,417650
York,817.978,19,2.1,-102.1692,Office Supplies,Binders,GBC Wire Binding Strips,Theresa Swint,43935
Corpus Christi,220.544,33,3.4,-43.7304,Office Supplies,Furnishings,12-1/2 Diameter Round Wall Clock,Scott Cohen,316381
Wilmington,14594.122,314,5.8,3895.4038,Office Supplies,Binders,"1/4 Fold Party Design Invitations & White Envelopes, 24 8-1/2"" X 11"" Cards, 25 Env./Pack",Pierre Wener,112067
Camarillo,1467.5175,16,0.55,158.7956,Furniture,Chairs,Avery 478,Claudia Bergmann,66086
Bellevue,207.244,36,0.8,74.1096,Office Supplies,Binders,"DAX Metal Frame, Desktop, Stepped-Edge",Alan Barnes,133992
Carrollton,2200.646,50,6.2,-470.2139,Office Supplies,Accessories,Acme Elite Stainless Steel Scissors,Aimee Bixby,126700
Quincy,2552.918,168,7.8,694.1816,Office Supplies,Paper,Accohide Poly Flexible Ring Binders,Ted Butterfield,40915
Lubbock,592.564,22,2.8,147.1387,Office Supplies,Binders,Canon PC-428 Personal Copier,Craig Carroll,239538
Clifton,336.82,9,0,98.5884,Furniture,Appliances,"Dana Fluorescent Magnifying Lamp, White, 36""",Sandra Flanagan,85390
Amarillo,3773.0628,32,2.72,-387.9683,Furniture,Paper,Easy-staple paper,Hunter Glantz,196429
Gresham,2133.424,28,1.5,150.8644,Furniture,Chairs,BlackBerry Q10,Clay Ludtke,109397
Inglewood,3479.328,53,0.8,1026.696,Office Supplies,Paper,APC 7 Outlet Network SurgeArrest Surge Protector,Dan Reichenbach,111542
Cedar Rapids,278.4,3,0,80.736,Technology,Phones,Geemarc AmpliPOWER60,Toby Ritter,128429
Harlingen,471.404,21,1.12,18.1275,Office Supplies,Paper,"BOSTON Ranger #55 Pencil Sharpener, Black",John Stevenson,65665
Pocatello,1344.942,25,0.6,181.3559,Office Supplies,Furnishings,"Adams Telephone Message Book W/Dividers/Space For Phone Numbers, 5 1/4""X8 1/2"", 300/Messages",James Galang,54350
Los Angeles,175851.341,2879,55.5000000000002,30440.7579,Office Supplies,Paper,Avery Non-Stick Binders,Arthur Prichep,3884307
San Angelo,650.636,13,1.7,-58.5532,Furniture,Chairs,Acco 6 Outlet Guardian Premium Surge Suppressor,John Murray,97492
Bossier City,1417.18,24,0,336.9608,Office Supplies,Envelopes,3-ring staple pack,Chris Selesnick,66333
Eugene,1465.032,23,1.2,134.0372,Office Supplies,Chairs,"Dot Matrix Printer Tape Reel Labels, White, 5000/Box",Tracy Poddar,159190
Murfreesboro,337.333,30,3.7,15.6891,Office Supplies,Binders,Advantus Motivational Note Cards,Sung Pak,117044
Pico Rivera,145.9,5,0,62.737,Furniture,Furnishings,"Deflect-o SuperTray Unbreakable Stackable Tray, Letter, Black",Sam Zeldin,63771
Oakland,5964.418,107,2,834.1029,Office Supplies,Furnishings,"Acco Flexible ACCOHIDE Square Ring Data Binder, Dark Blue, 11 1/2"" X 14"" 7/8""",Patrick Ryan,406253
Woonsocket,195.55,15,0,78.6791,Office Supplies,Binders,Advantus Rolling Storage Box,Don Jones,41026
Twin Falls,1148.806,7,0.2,266.1649,Furniture,Binders,Avery Heavy-Duty EZD View Binder with Locking Rings,Justin Deggeller,45981
Charlotte,13693.339,243,15.3,-429.7824,Office Supplies,Binders,Staples,Joe Elijah,792862
Sparks,2561.96,19,0.2,228.536,Office Supplies,Art,"Fiskars 8"" Scissors, 2/Pack",Jennifer Ferguson,93282
Sheboygan,79.74,10,0,34.3419,Office Supplies,Labels,Avery 515,Matt Abelman,48725
Hackensack,1456.16,28,0,451.2547,Furniture,Furnishings,9-3/4 Diameter Round Wall Clock,Laura Armstrong,44113
Bowling Green,2077.375,30,2.5,217.0617,Office Supplies,Accessories,Adjustable Depth Letter/Legal Cart,Bill Stewart,61488
Suffolk,1597.9,32,0,389.8122,Office Supplies,Labels,"Acme 10"" Easy Grip Assistive Scissors",Max Ludwig,85728
Linden,115.36,7,0,49.6048,Technology,Accessories,Maxell DVD-RAM Discs,Cyma Kinney,41301
Tuscaloosa,175.7,9,0,51.0104,Furniture,Binders,"Situations Contoured Folding Chairs, 4/Set",Dennis Pardue,95334
Frisco,57.504,10,0.8,-18.8016,Furniture,Accessories,Nu-Dell Executive Frame,Anne Pryor,136791
Overland Park,606.91,23,0,203.5218,Office Supplies,Accessories,"Binney & Smith Crayola Metallic Colored Pencils, 8-Color Set",Kalyca Meade,181260
Rochester Hills,132.52,4,0,54.3332,Technology,Accessories,Imation 16GB Mini TravelDrive USB 2.0 Flash Drive,Sean Christensen,72952
Marysville,102.18,15,0,3.315,Office Supplies,Art,"Alliance Super-Size Bands, Assorted Sizes",Mick Crebagga,63269
Cranston,4024.916,52,0.9,637.4977,Furniture,Furnishings,"Chromcraft Bull-Nose Wood 48"" x 96"" Rectangular Conference Tables",Anne McFarland,80566
Lehi,1516.726,8,0.2,451.6626,Technology,Copiers,Hewlett Packard 310 Color Digital Copier,Eugene Moren,54382
Royal Oak,35.34,4,0,16.9632,Office Supplies,Paper,"Geographics Note Cards, Blank, White, 8 1/2"" x 11""",Nathan Cano,58946
